id,GEOID,access,hoops,surface,lit,name,sport,leisure,city,lon,lat,neighborhood,income_q,LPA,median_household_income
way/28507812,13089022700,,,paved,,,basketball,pitch,Atlanta,-84.29739109745891,33.75705304544039,,Q4 (highest),14.4,196842.0
way/40877278,13089020700,,,concrete,yes,,basketball,pitch,Atlanta,-84.32104089468774,33.75493112444288,Kirkwood,Q3,15.6,85125.0
way/40877545,13089020500,,,,,,basketball,pitch,Atlanta,-84.33732321915461,33.75184591264868,Edgewood,Q3,15.7,99961.0
way/40941425,13121006802,,,,,,basketball,pitch,Atlanta,-84.35762031873048,33.704266090014414,Thomasville Heights,,49.2,
way/40941426,13121006802,,,,,,basketball,pitch,Atlanta,-84.35744696467141,33.70409896149283,Thomasville Heights,,49.2,
way/41828266,13089023601,,,concrete,no,,basketball,pitch,Atlanta,-84.30762445,33.7361258,,Q3,20.6,92717.0
way/42793718,13121001002,private,,,,The Court at Pi Kappa Alpha,basketball,pitch,Atlanta,-84.39501742700463,33.776684830534975,Georgia Tech,Q1 (lowest),16.8,55985.0
way/44607099,13121001801,yes,2.0,plastic,yes,,basketball,pitch,Atlanta,-84.3761829,33.76936695000001,Old Fourth Ward,Q1 (lowest),29.5,47852.0
way/44607100,13121001801,yes,2.0,plastic,yes,,basketball,pitch,Atlanta,-84.37576581018314,33.769592778503295,Old Fourth Ward,Q1 (lowest),29.5,47852.0
way/44607117,13121001801,yes,2.0,plastic,no,,basketball,pitch,Atlanta,-84.37620813375575,33.76899807381947,Old Fourth Ward,Q1 (lowest),29.5,47852.0
way/85310890,13089022700,,,,,,basketball,pitch,Atlanta,-84.3072402624237,33.76095580562622,,Q4 (highest),14.4,196842.0
way/90867101,13089022501,,,,,,basketball,pitch,Atlanta,-84.29986267490142,33.77052520438064,,Q4 (highest),16.8,125923.0
way/93767299,13089020400,,,,,,basketball,pitch,Atlanta,-84.34304726265096,33.7704141243066,Candler Park,Q4 (highest),11.2,188438.0
way/101122981,13089021914,,,,,,basketball,pitch,Atlanta,-84.16374567793069,33.80111255312355,,Q1 (lowest),26.5,54881.0
way/106446325,13121001002,,,concrete,,,basketball,pitch,Atlanta,-84.39344043160641,33.77460763045643,Georgia Tech,Q1 (lowest),16.8,55985.0
way/123683510,13121011505,,,,,,basketball,pitch,Atlanta,-84.36021117585642,34.08370541372704,,Q4 (highest),13.6,205694.0
way/126511096,13089022700,,,,,,basketball,pitch,Atlanta,-84.30658207469888,33.76440669212072,,Q4 (highest),14.4,196842.0
way/130595518,13089022302,,,paved,,,basketball,pitch,Atlanta,-84.27538153714042,33.8157728748149,,Q3,16.5,95847.0
way/177931218,13121011638,,,,,,basketball,pitch,Atlanta,-84.23984570137237,34.045706825952706,,Q4 (highest),15.6,135313.0
way/177931227,13121011638,,,,,,basketball,pitch,Atlanta,-84.23993512102702,34.04555434719293,,Q4 (highest),15.6,135313.0
way/177931242,13121011618,,,,,,basketball,pitch,Atlanta,-84.25220917869257,34.04924296168763,,Q4 (highest),16.7,157708.0
way/182399847,13121000400,,,asphalt,,,basketball,pitch,Atlanta,-84.3734215,33.78715925,Ansley Park,Q4 (highest),12.1,156528.0
way/182399850,13121000400,,,asphalt,,,basketball,pitch,Atlanta,-84.3732835247629,33.78732356146235,Ansley Park,Q4 (highest),12.1,156528.0
way/185557907,13089020300,,,,,Basketball Court,basketball,pitch,Atlanta,-84.3387172049354,33.765616271262495,Lake Claire,Q4 (highest),13.7,175885.0
way/185557914,13089020300,,,,,,basketball,pitch,Atlanta,-84.33897375000001,33.7656199,Lake Claire,Q4 (highest),13.7,175885.0
way/197882419,13121005300,,,,,,basketball,pitch,Atlanta,-84.37107830517515,33.740287318449745,Grant Park,Q4 (highest),12.5,141719.0
way/220382935,13121011633,,,,,,basketball,pitch,Atlanta,-84.208045777741,34.05288811585134,,Q4 (highest),16.7,144891.0
way/244053317,13121011652,,,,,,basketball,pitch,Atlanta,-84.24589535000001,34.09456125,,Q4 (highest),16.0,137500.0
way/253221883,13121011660,,,,,,basketball,pitch,Atlanta,-84.28215190000002,34.1010715,,Q3,16.6,115615.0
way/253221889,13121011660,,,,,,basketball,pitch,Atlanta,-84.2821015210693,34.10124210478904,,Q3,16.6,115615.0
way/264359670,13089022401,private,,,,,basketball,pitch,Atlanta,-84.34601313171737,33.780703445681105,,Q3,12.8,113975.0
way/269890693,13121008601,yes,,,,,basketball,pitch,Atlanta,-84.4591353691448,33.777067636591134,Almond Park,Q1 (lowest),38.1,30729.0
way/270491330,13121003100,yes,2.0,concrete,yes,,basketball,pitch,Atlanta,-84.35549055263262,33.7518636998459,Reynoldstown,Q4 (highest),15.4,140413.0
way/280941186,13121010132,yes,2.0,,,,basketball,pitch,Atlanta,-84.3623287751009,33.91752638759907,,Q3,16.6,101742.0
way/287304307,13121011902,,,,,,basketball,pitch,Atlanta,-84.37608445,33.753395600000005,Sweet Auburn,,24.4,
way/287323518,13121004000,,,,,,basketball,pitch,Atlanta,-84.4388900500097,33.75451085247707,Mozley Park,Q2,25.4,75921.0
way/287415625,13089022405,,,,,,basketball,pitch,Atlanta,-84.3080867205769,33.79769709517104,Emory,Q2,15.9,73365.0
way/304515112,13121008500,,,,,,basketball,pitch,Atlanta,-84.4271098252025,33.77156994556188,Grove Park,Q1 (lowest),26.7,57381.0
way/304515113,13121008500,,,,,,basketball,pitch,Atlanta,-84.4271133,33.7714082,Grove Park,Q1 (lowest),26.7,57381.0
way/304530488,13121001002,,,concrete,,,basketball,pitch,Atlanta,-84.39333503097411,33.774314080743274,Georgia Tech,Q1 (lowest),16.8,55985.0
way/307771716,13089020901,,2.0,asphalt,,Brownwood Park Basketball Courts,basketball,pitch,Atlanta,-84.34673072678895,33.738435908782066,East Atlanta,Q3,15.1,114478.0
way/358429892,13121011624,,,,,,basketball,pitch,Atlanta,-84.1874311,34.07918699999999,,Q4 (highest),13.2,241875.0
way/358429907,13121011631,,,,,,basketball,pitch,Atlanta,-84.19180267187016,34.06039444638445,,Q3,15.2,114333.0
way/392746865,13121011629,,,,,,basketball,pitch,Atlanta,-84.20007255,34.02898865000001,,Q4 (highest),17.0,197455.0
way/393484981,13121011648,,,,,,basketball,pitch,Atlanta,-84.1479649,34.0506396,,Q4 (highest),15.7,203375.0
way/449682689,13121010801,,,,,,basketball,pitch,Atlanta,-84.42495020000001,33.6614968,,Q2,22.6,64605.0
way/468516297,13089022800,permissive,2.0,asphalt,no,,basketball,pitch,Atlanta,-84.28861813146979,33.76475007473425,,Q4 (highest),15.2,189333.0
way/491845546,13121011647,,,,,,basketball,pitch,Atlanta,-84.31136778741427,34.07092682351708,,Q3,20.4,91083.0
way/536746272,13121002802,,,,,,basketball,pitch,Atlanta,-84.38327029999999,33.76189635000001,Downtown,Q1 (lowest),27.4,16620.0
way/545334296,13121011433,permissive,,asphalt,,,basketball,pitch,Atlanta,-84.26606426242851,34.020311450835486,,Q4 (highest),14.0,174063.0
way/560115747,13121011653,,2.0,,,,basketball,pitch,Atlanta,-84.23730001670229,34.08441732555418,,Q4 (highest),13.4,237692.0
way/588783149,13121011649,permissive,2.0,asphalt,,,basketball,pitch,Atlanta,-84.16504388212473,34.037611401234,,Q4 (highest),16.9,169000.0
way/593088492,13121010314,,,,,Cliftondale Basketball Courts,basketball,pitch,Atlanta,-84.59788557457482,33.65219141818788,,Q3,21.2,111036.0
way/652882441,13089023107,,,,,,basketball,pitch,Atlanta,-84.24323693613411,33.7389463470874,,Q2,23.3,81667.0
way/673400121,13121007301,,2.0,,yes,,basketball,pitch,Atlanta,-84.384534,33.66769855,Glenrose Heights,Q1 (lowest),27.2,40372.0
way/673400122,13121007301,,1.0,,yes,,basketball,pitch,Atlanta,-84.384620361277,33.66783727503789,Glenrose Heights,Q1 (lowest),27.2,40372.0
way/673400123,13121007301,,1.0,,yes,,basketball,pitch,Atlanta,-84.38444555000001,33.667837750000004,Glenrose Heights,Q1 (lowest),27.2,40372.0
way/675464300,13121011428,,,,,,basketball,pitch,Atlanta,-84.28640195000001,34.03786965,,Q4 (highest),15.1,146083.0
way/718445546,13121008601,,,,,,basketball,pitch,Atlanta,-84.45908427236594,33.77730406061242,Almond Park,Q1 (lowest),38.1,30729.0
way/724582476,13121011660,,,,,,basketball,pitch,Atlanta,-84.27148169813323,34.102173248402515,,Q3,16.6,115615.0
way/740409412,13121006400,yes,2.0,,,,basketball,pitch,Atlanta,-84.3743821,33.7197168,Chosewood Park,Q1 (lowest),25.1,51302.0
way/742729358,13121005300,,,,,,basketball,pitch,Atlanta,-84.37529814141358,33.7354156369404,Grant Park,Q4 (highest),12.5,141719.0
way/742908936,13121006900,,,,,,basketball,pitch,Atlanta,-84.3550208,33.715074,Custer/McDonough/Guice,Q3,23.2,100370.0
way/744252251,13121011652,,1.0,asphalt,,,basketball,pitch,Atlanta,-84.24211597103437,34.09698412007542,,Q4 (highest),16.0,137500.0
way/746015753,13121008602,,2.0,,,,basketball,pitch,Atlanta,-84.49409112207786,33.79108708465701,English Park,Q1 (lowest),35.5,42321.0
way/801352552,13121004800,yes,,,,,basketball,pitch,Atlanta,-84.38130690000001,33.745391000000005,Capitol Gateway,Q1 (lowest),43.1,16015.0
way/801352553,13121004800,yes,,,,,basketball,pitch,Atlanta,-84.38114015584229,33.74539017487767,Capitol Gateway,Q1 (lowest),43.1,16015.0
way/806496403,13121009604,,,,,,basketball,pitch,Atlanta,-84.36872155,33.835390249999996,Garden Hills,Q2,12.3,74338.0
way/834295397,13121011440,,1.0,,no,,basketball,pitch,Atlanta,-84.30593796339552,33.99421106930175,,Q4 (highest),16.9,139792.0
way/854342458,13121004400,,,,,,basketball,pitch,Atlanta,-84.39888017473936,33.74012961464793,Mechanicsville,Q1 (lowest),39.5,31075.0
way/857643745,13121005800,,,,,,basketball,pitch,Atlanta,-84.41190960000002,33.7322824,Adair Park,Q1 (lowest),24.3,57813.0
way/860383006,13121006200,,,,,,basketball,pitch,Atlanta,-84.42033049416222,33.73200862525308,Oakland City,Q2,27.1,62000.0
way/861137383,13121006400,yes,1.0,,,,basketball,pitch,Atlanta,-84.37429754999998,33.71871704999999,Chosewood Park,Q1 (lowest),25.1,51302.0
way/861137387,13121006400,yes,1.0,,,,basketball,pitch,Atlanta,-84.37464985000001,33.7196012,Chosewood Park,Q1 (lowest),25.1,51302.0
way/863224721,13089023209,private,1.0,,,,basketball,pitch,Atlanta,-84.16866764999999,33.777261550000006,,Q3,21.0,86458.0
way/863224779,13089023209,,2.0,,,,basketball,pitch,Atlanta,-84.16669274679919,33.78366223062922,,Q3,21.0,86458.0
way/863224780,13089023209,,2.0,,,,basketball,pitch,Atlanta,-84.16653464999999,33.78377865,,Q3,21.0,86458.0
way/875245600,13121001801,yes,2.0,plastic,yes,,basketball,pitch,Atlanta,-84.37577858405102,33.76943027388556,Old Fourth Ward,Q1 (lowest),29.5,47852.0
way/887393725,13121012000,yes,2.0,,yes,,basketball,pitch,Atlanta,-84.38928130000001,33.72626895,Mechanicsville,,40.5,
way/887393726,13121012000,yes,2.0,,yes,,basketball,pitch,Atlanta,-84.38927739999998,33.7261372,Mechanicsville,,40.5,
way/902105288,13121010137,private,2.0,concrete,no,,basketball,pitch,Atlanta,-84.36530445000001,33.89475465,,Q2,14.9,82070.0
way/907120180,13121010204,private,1.0,,,,basketball,pitch,Atlanta,-84.42967821521181,33.923972802054855,,Q4 (highest),13.1,174979.0
way/913680090,13121011436,,1.0,,,,basketball,pitch,Atlanta,-84.31232835,33.99396075,,Q4 (highest),14.9,158226.0
way/913680091,13121011436,,1.0,,,,basketball,pitch,Atlanta,-84.3121867,33.9940619,,Q4 (highest),14.9,158226.0
way/914558757,13089021409,,,,,,basketball,pitch,Atlanta,-84.29536360601239,33.8605473757243,,Q2,28.5,75885.0
way/969892128,13121007603,,,,,,basketball,pitch,Atlanta,-84.43279700562036,33.7086402262362,Fort McPherson,Q1 (lowest),39.8,19375.0
way/970237361,13089021224,,2.0,,,,basketball,pitch,Atlanta,-84.3080638,33.926682899999996,,Q1 (lowest),18.8,56964.0
way/970237362,13089021224,,1.0,,,,basketball,pitch,Atlanta,-84.3082876,33.92656215,,Q1 (lowest),18.8,56964.0
way/970237363,13089021224,,1.0,,,,basketball,pitch,Atlanta,-84.30828824999999,33.92673335,,Q1 (lowest),18.8,56964.0
way/971399915,13121004400,,,,,,basketball,pitch,Atlanta,-84.4001684259077,33.7410944904204,Mechanicsville,Q1 (lowest),39.5,31075.0
way/971402581,13121003800,,,,,,basketball,pitch,Atlanta,-84.4066351,33.748349649999994,Atlanta University Center,,15.5,
way/973120487,13121008909,,,acrylic,no,,basketball,pitch,Atlanta,-84.41606452147276,33.805467942164235,Underwood Hills,Q4 (highest),11.7,133353.0
way/974173898,13121010601,,,,,,basketball,pitch,Atlanta,-84.45469996120464,33.65621778462219,,Q2,26.9,64844.0
way/976498887,13121011508,private,2.0,,,,basketball,pitch,Atlanta,-84.25967738501113,34.1684923752929,,Q4 (highest),12.8,250001.0
way/989224161,13121011508,private,,,,,basketball,pitch,Atlanta,-84.26780495,34.1670285,,Q4 (highest),12.8,250001.0
way/992576442,13121005504,,,,,,basketball,pitch,Atlanta,-84.38753221944918,33.71775865451347,South Atlanta,Q1 (lowest),32.0,42019.0
way/993285342,13121006500,,,,,,basketball,pitch,Atlanta,-84.41399307484116,33.71178391111389,Capitol View,Q2,26.7,64405.0
way/1013344603,13121011624,,,,,,basketball,pitch,Atlanta,-84.19995315,34.07118895,,Q4 (highest),13.2,241875.0
way/1019243858,13121011649,,,,,,basketball,pitch,Atlanta,-84.15964745,34.05096115,,Q4 (highest),16.9,169000.0
way/1021971198,13089022501,,,,,,basketball,pitch,Atlanta,-84.30161652518836,33.77256065960602,,Q4 (highest),16.8,125923.0
way/1027240786,13121012300,,,,,,basketball,pitch,Atlanta,-84.44187355000001,33.66140514999999,,Q1 (lowest),22.6,49855.0
way/1046308110,13121010527,,,,,,basketball,pitch,Atlanta,-84.55642524999998,33.58831215,,Q1 (lowest),27.0,42076.0
way/1046308112,13121010527,,,,,,basketball,pitch,Atlanta,-84.55634088058257,33.58850894693555,,Q1 (lowest),27.0,42076.0
way/1057972111,13121011635,,1.0,,,,basketball,pitch,Atlanta,-84.10791115,34.04785354999999,,Q4 (highest),16.0,182230.0
way/1062212554,13121009411,yes,,,,,basketball,pitch,Atlanta,-84.35211483499819,33.82999121273272,Pine Hills,Q3,16.2,97114.0
way/1074583271,13121010307,,,,,,basketball,pitch,Atlanta,-84.52422634570118,33.65415527903451,,Q4 (highest),23.0,130288.0
way/1074583272,13121010307,,,,,,basketball,pitch,Atlanta,-84.5243902,33.6541386,,Q4 (highest),23.0,130288.0
way/1083003370,13121010137,,2.0,,,,basketball,pitch,Atlanta,-84.37168002571313,33.89887853854737,,Q2,14.9,82070.0
way/1090914994,13121004200,,,,,,basketball,pitch,Atlanta,-84.41965351620661,33.738848326471555,West End,Q1 (lowest),38.2,26524.0
way/1091079838,13121002500,,,,,,basketball,pitch,Atlanta,-84.40800745275851,33.76113678995387,Vine City,Q1 (lowest),36.3,39081.0
way/1091079839,13121002500,,,,,,basketball,pitch,Atlanta,-84.40800612767801,33.76087447840904,Vine City,Q1 (lowest),36.3,39081.0
way/1091959045,13121007603,,,,,,basketball,pitch,Atlanta,-84.43719434176039,33.70112982031213,Fort McPherson,Q1 (lowest),39.8,19375.0
way/1098866733,13121010310,,,,,,basketball,pitch,Atlanta,-84.61780845683802,33.64551653424535,,Q3,18.8,101762.0
way/1099355640,13121010306,,2.0,,,,basketball,pitch,Atlanta,-84.59233509166805,33.68393627086879,,Q2,21.6,83929.0
way/1099355641,13121010306,,2.0,,,,basketball,pitch,Atlanta,-84.5923367750497,33.68378869582363,,Q2,21.6,83929.0
way/1104197926,13121008302,,,,,,basketball,pitch,Atlanta,-84.45073980108585,33.75771223400386,Dixie Hills,,42.9,
way/1105345180,13121011444,,,,,,basketball,pitch,Atlanta,-84.25192074999998,34.00726085000001,,Q4 (highest),14.8,179112.0
way/1118770362,13089021222,,,,,,basketball,pitch,Atlanta,-84.31300549239708,33.89314190978979,,Q3,17.1,89728.0
way/1161823873,13121010402,,,,,,basketball,pitch,Atlanta,-84.73383050000001,33.5253563,,Q2,25.6,75362.0
way/1163851463,13121011416,,1.0,,,,basketball,pitch,Atlanta,-84.35598739999999,34.072474299999996,,Q4 (highest),14.6,151397.0
way/1193244892,13089021410,,,,,,basketball,pitch,Atlanta,-84.2958962,33.865187899999995,,Q3,24.8,102609.0
way/1193478726,13121012000,,,,,,basketball,pitch,Atlanta,-84.39789648132701,33.7361200748058,Mechanicsville,,40.5,
way/1205688848,13121010124,,,,,,basketball,pitch,Atlanta,-84.33893124786586,33.996668132529095,,Q3,21.1,85333.0
way/1205688849,13121010124,,,,,,basketball,pitch,Atlanta,-84.33907349999998,33.9966011,,Q3,21.1,85333.0
way/1205692233,13089021411,,,,,,basketball,pitch,Atlanta,-84.32545467009571,33.87565983854938,,Q4 (highest),10.3,133449.0
way/1206760146,13121011653,,,,,,basketball,pitch,Atlanta,-84.22073323658259,34.08262017221741,,Q4 (highest),13.4,237692.0
way/1209250825,13121000601,,,,,,basketball,pitch,Atlanta,-84.4003183,33.782136099999995,Home Park,Q2,16.1,78140.0
way/1210103448,13121011630,,,,,,basketball,pitch,Atlanta,-84.1955921531153,34.05664122198034,,Q4 (highest),13.2,167500.0
way/1211155489,13121008602,,,,,,basketball,pitch,Atlanta,-84.47758808198637,33.78746917467957,English Park,Q1 (lowest),35.5,42321.0
way/1211484169,13121006801,,,,,,basketball,pitch,Atlanta,-84.36936005,33.709861350000004,Chosewood Park,,43.1,
way/1218992486,13121006801,,,,,,basketball,pitch,Atlanta,-84.3643958,33.70867565000001,Chosewood Park,,43.1,
way/1219247220,13089023108,private,,,,,basketball,pitch,Atlanta,-84.22081322813425,33.74350816211277,,Q1 (lowest),34.3,36875.0
way/1219397155,13089022601,yes,2.0,,,,basketball,pitch,Atlanta,-84.29111624999999,33.78366355,,Q2,15.3,80000.0
way/1278997686,13089023101,,,,,,basketball,pitch,Atlanta,-84.27055321646075,33.7420021073792,,Q2,21.3,69297.0
way/1297699186,13121011648,,,,,,basketball,pitch,Atlanta,-84.16105527999541,34.03768248762729,,Q4 (highest),15.7,203375.0
way/1304730554,13121011445,,,,,,basketball,pitch,Atlanta,-84.37522196651301,34.04359427527433,,Q4 (highest),14.7,123836.0
way/1304730555,13121011445,,,,,,basketball,pitch,Atlanta,-84.37553498348673,34.04359762472867,,Q4 (highest),14.7,123836.0
way/1311352772,13121011650,,,,,,basketball,pitch,Atlanta,-84.24581795,34.058107,,Q4 (highest),14.6,201118.0
way/1311352805,13121011658,,,,,,basketball,pitch,Atlanta,-84.21832682046912,34.04125185709534,,Q4 (highest),19.7,152985.0
way/1311352837,13121011631,,,,,,basketball,pitch,Atlanta,-84.17267057799708,34.064238603241655,,Q3,15.2,114333.0
way/1318178229,13121011648,yes,,concrete,yes,,basketball,pitch,Atlanta,-84.1455102,34.03830235000001,,Q4 (highest),15.7,203375.0
way/1318178230,13121011648,yes,,concrete,yes,,basketball,pitch,Atlanta,-84.1452995,34.03838575,,Q4 (highest),15.7,203375.0
way/1359092876,13121009900,,,,,,basketball,pitch,Atlanta,-84.3941703,33.8568395,Tuxedo Park,Q4 (highest),12.5,141930.0
way/1367379325,13121011630,,2.0,,,,basketball,pitch,Atlanta,-84.19696289999999,34.056784099999994,,Q4 (highest),13.2,167500.0
way/1374328490,13121011202,,,,,,basketball,pitch,Atlanta,-84.44063474999999,33.6789895,,Q1 (lowest),27.7,56790.0
way/1390523639,13121011509,,,,,,basketball,pitch,Atlanta,-84.36687592536732,34.09444385909518,,Q4 (highest),14.4,243269.0
way/1392508690,13121011656,,,,,,basketball,pitch,Atlanta,-84.22645164654557,34.065549763735625,,Q4 (highest),12.8,186211.0
way/1393190239,13121011419,,,,,,basketball,pitch,Atlanta,-84.37952365000001,34.0486613,,Q4 (highest),15.4,155972.0
way/1394223825,13121010402,,,,,,basketball,pitch,Atlanta,-84.77009413812078,33.52744448952519,,Q2,25.6,75362.0
way/1394447909,13089021606,,,,,,basketball,pitch,Atlanta,-84.3171837,33.82419294999999,,Q3,13.7,107898.0
way/1394818177,13121010530,,,,,,basketball,pitch,Atlanta,-84.52676492023264,33.63145107536931,,Q1 (lowest),25.5,47763.0
way/1395378181,13089022900,permissive,2.0,,,,basketball,pitch,Atlanta,-84.27192104710826,33.76833684666208,,Q3,13.1,115327.0
way/1395889802,13121004100,,,,,,basketball,pitch,Atlanta,-84.43476205,33.74191895,West End,Q2,24.3,72354.0
way/1409791751,13089021412,yes,1.0,,,,basketball,pitch,Atlanta,-84.31068947580557,33.87125651396402,,Q4 (highest),11.6,220694.0
way/1416180209,13089023802,,,,,,basketball,pitch,Atlanta,-84.33500389215196,33.68549277090175,,Q2,25.2,71729.0
way/1416835245,13089023802,,,,,,basketball,pitch,Atlanta,-84.33579500908668,33.69073680139693,,Q2,25.2,71729.0
way/1416835250,13089023802,,,,,,basketball,pitch,Atlanta,-84.33512313479024,33.6901548489685,,Q2,25.2,71729.0
way/1416835259,13089023802,,,,,,basketball,pitch,Atlanta,-84.33662913373266,33.690394624880284,,Q2,25.2,71729.0
way/1416835261,13089023802,,,,,,basketball,pitch,Atlanta,-84.33600911090804,33.69033912105845,,Q2,25.2,71729.0
way/1416835267,13089023802,,,,,,basketball,pitch,Atlanta,-84.33570676950073,33.690067053178716,,Q2,25.2,71729.0
way/1422420793,13089023325,,,,,,basketball,pitch,Atlanta,-84.09827840955505,33.79113232882281,,Q3,22.3,91591.0
way/1426722837,13121010307,,,,,,basketball,pitch,Atlanta,-84.55985196708932,33.64163443361326,,Q4 (highest),23.0,130288.0
way/1428119796,13121000501,private,1.0,,,,basketball,pitch,Atlanta,-84.38903828371238,33.78942523711741,Atlantic Station,Q3,13.8,108940.0
way/1436770550,13121011652,,,,,,basketball,pitch,Atlanta,-84.24979325317217,34.08694772761727,,Q4 (highest),16.0,137500.0
way/1447171835,13121010519,,,,,,basketball,pitch,Atlanta,-84.5992473,33.57187385,,Q2,29.3,83152.0
way/1451238335,13089020802,,,,,,basketball,pitch,Atlanta,-84.29973394999999,33.74692085,East Lake,Q3,18.5,109755.0
way/1451261115,13121002500,,,,,,basketball,pitch,Atlanta,-84.41162932069281,33.76191211048358,Vine City,Q1 (lowest),36.3,39081.0
way/1451459453,13089020901,,,,,,basketball,pitch,Atlanta,-84.32874745000001,33.743040300000004,East Atlanta,Q3,15.1,114478.0
way/1451837750,13089020901,,,,,,basketball,pitch,Atlanta,-84.32892175000002,33.742983499999994,East Atlanta,Q3,15.1,114478.0
way/1457004013,13089021824,,,,,,basketball,pitch,Atlanta,-84.20653135025454,33.83645360008207,,Q1 (lowest),34.3,45524.0
way/1466876279,13121005501,,,,,,basketball,pitch,Atlanta,-84.38317652490895,33.73648791548646,Peoplestown,Q2,29.1,73971.0
way/1466876281,13121005501,,,,,,basketball,pitch,Atlanta,-84.38308782493213,33.7362592618326,Peoplestown,Q2,29.1,73971.0
way/1480992346,13121010305,,,,,,basketball,pitch,Atlanta,-84.56187672678874,33.69999619818524,,Q3,27.4,100742.0
way/1482041585,13121010604,,,,,,basketball,pitch,Atlanta,-84.47131466243736,33.634444564785554,,Q1 (lowest),40.5,29432.0
way/1482041586,13121010604,,,,,,basketball,pitch,Atlanta,-84.47145155126364,33.63432679893103,,Q1 (lowest),40.5,29432.0
way/1494378463,13121010132,yes,2.0,,,,basketball,pitch,Atlanta,-84.36213194999999,33.917527099999994,,Q3,16.6,101742.0
way/1509698775,13121011637,,,,,,basketball,pitch,Atlanta,-84.27316143131456,34.051686538786655,,Q4 (highest),12.9,193750.0
way/1512329570,13121011419,,,,,,basketball,pitch,Atlanta,-84.39496885000001,34.047415150000006,,Q4 (highest),15.4,155972.0
way/1512543799,13121011423,,1.0,,,,basketball,pitch,Atlanta,-84.37328304118996,34.02199722468074,,Q4 (highest),13.5,151767.0
way/1512557611,13121011100,,2.0,,,,basketball,pitch,Atlanta,-84.42018149999998,33.68821354999999,,Q2,20.1,78772.0
way/1518534840,13121011508,,,,,,basketball,pitch,Atlanta,-84.26140584999999,34.1808894,,Q4 (highest),12.8,250001.0
way/1518534856,13121011661,,,,,,basketball,pitch,Atlanta,-84.26734648480891,34.126606178813425,,Q4 (highest),14.3,229583.0
way/1524794416,13121010306,,,,,,basketball,pitch,Atlanta,-84.58260823322915,33.69156652517454,,Q2,21.6,83929.0
way/1529515835,13121011510,,,,,,basketball,pitch,Atlanta,-84.35381069999998,34.087964449999994,,Q4 (highest),12.7,224559.0
node/6568153301,13089022800,,,,,,basketball,pitch,Atlanta,-84.2886178,33.7647517,,Q4 (highest),15.2,189333.0
node/7852001676,13121010108,,1.0,,,,basketball,pitch,Atlanta,-84.2770953,33.9787037,,Q4 (highest),14.6,146979.0
node/8057340472,13121011440,,1.0,,,,basketball,pitch,Atlanta,-84.2912158,34.0021687,,Q4 (highest),16.9,139792.0
node/12215093688,13121010308,,,,,,basketball,pitch,Atlanta,-84.5702199,33.6441045,,Q3,20.8,107136.0
node/12215093707,13121010313,,,,,,basketball,pitch,Atlanta,-84.5616599,33.7107216,,Q2,17.6,80847.0
node/12215093733,13121007809,,,,,,basketball,pitch,Atlanta,-84.5310055,33.7289172,,Q3,22.8,96250.0
node/13666936574,13121011423,,,,,,basketball,pitch,Atlanta,-84.3903702,34.0134277,,Q4 (highest),13.5,151767.0
way/32709664,17031160602,,2.0,,,,basketball,pitch,Chicago,-87.6967497325461,41.96088941579638,Irving Park,Q3,20.4,96324.0
way/52494915,17031071500,yes,4.0,paved,no,,basketball,pitch,Chicago,-87.6300912241989,41.91596622583023,Lincoln Park,Q4 (highest),9.4,123663.0
way/116060582,17031270500,,2.0,,,,basketball,pitch,Chicago,-87.71701305,41.877665349999994,Garfield Park,Q1 (lowest),47.1,24375.0
way/116060587,17031836800,,,,,,basketball,pitch,Chicago,-87.71741467552769,41.88363510330898,Garfield Park,Q1 (lowest),46.1,22642.0
way/116492180,17031843100,,,,,,basketball,pitch,Chicago,-87.69604355,41.8565186,North Lawndale,Q2,30.2,61648.0
way/117201916,17031160700,,2.0,,,,basketball,pitch,Chicago,-87.69771877538685,41.95011855569199,Irving Park,Q3,23.4,89531.0
way/122552994,17031191100,yes,,,,,basketball,pitch,Chicago,-87.75219754999998,41.92260489999999,Belmont Cragin,Q1 (lowest),38.2,53683.0
way/147054673,17031240900,yes,,asphalt,,,basketball,pitch,Chicago,-87.69979706644283,41.90921435043363,Humboldt Park,Q3,17.4,98145.0
way/153288551,17031010400,yes,,,,,basketball,pitch,Chicago,-87.66171557965292,42.01238435778857,,Q1 (lowest),18.9,49017.0
way/163146022,17031836400,,,,,,basketball,pitch,Chicago,-87.59495548320334,41.81851735560923,,Q1 (lowest),30.1,27012.0
way/163146025,17031836400,,,,,,basketball,pitch,Chicago,-87.59513645039937,41.81873101679868,,Q1 (lowest),30.1,27012.0
way/163792343,17031836400,private,,,,,basketball,pitch,Chicago,-87.60163013768394,41.82335576451072,,Q1 (lowest),30.1,27012.0
way/165351015,17031170600,,,,,,basketball,pitch,Chicago,-87.8279951189177,41.94329046785408,Dunning,Q3,23.1,78187.0
way/165351022,17031170700,,,,,,basketball,pitch,Chicago,-87.82467673233847,41.94441181851958,Dunning,Q3,25.0,82284.0
way/165351038,17031170700,,,,,,basketball,pitch,Chicago,-87.82569955156379,41.944223243258755,Dunning,Q3,25.0,82284.0
way/165351039,17031170700,,,,,,basketball,pitch,Chicago,-87.82468355966893,41.9437210110679,Dunning,Q3,25.0,82284.0
way/165351041,17031170700,,,,,,basketball,pitch,Chicago,-87.82566337769633,41.94365453981889,Dunning,Q3,25.0,82284.0
way/166390647,17031100300,,,,,,basketball,pitch,Chicago,-87.803289,41.9895792,Norwood Park,Q2,21.6,74250.0
way/166547570,17031672000,,,,,,basketball,pitch,Chicago,-87.66795305,41.7608298,Englewood,Q1 (lowest),37.0,45192.0
way/172227195,17031220702,,,,,,basketball,pitch,Chicago,-87.72431800000001,41.93160235,Logan Square,Q3,23.6,80452.0
way/172583072,17031530100,,,,,,basketball,pitch,Chicago,-87.61580965,41.679998999999995,West Pullman,Q1 (lowest),45.6,29747.0
way/172897228,17031430900,yes,,,,,basketball,pitch,Chicago,-87.58473364999999,41.76211715000001,South Shore,Q1 (lowest),32.7,31357.0
way/172897229,17031430900,,,,,,basketball,pitch,Chicago,-87.58382329300947,41.76168527547552,South Shore,Q1 (lowest),32.7,31357.0
way/173723594,17031830600,,,,,,basketball,pitch,Chicago,-87.6701396,41.99899305,Rogers Park,Q2,21.6,64261.0
way/178118069,17031510300,,,,,,basketball,pitch,Chicago,-87.57197742456272,41.71919209640786,South Deering,Q1 (lowest),38.3,30875.0
way/178119248,17031500100,,,,,,basketball,pitch,Chicago,-87.59625095,41.7178135,Pullman,Q2,26.7,67708.0
way/178134565,17031691500,,,,,,basketball,pitch,Chicago,-87.59977365000002,41.75571240000001,Grand Crossing,Q1 (lowest),40.2,24101.0
way/178543493,17031241400,,,asphalt,yes,,basketball,pitch,Chicago,-87.67633245,41.90786249999999,Wicker Park,Q4 (highest),10.6,200429.0
way/178747277,17031520200,,,,,,basketball,pitch,Chicago,-87.5381575747763,41.71999459087667,East Side,Q1 (lowest),33.9,46803.0
way/179119871,17031833100,yes,2.0,,,,basketball,pitch,Chicago,-87.66054914991986,41.879911925560066,West Loop,Q4 (highest),11.0,168125.0
way/179614966,17031833900,yes,4.0,,,,basketball,pitch,Chicago,-87.55724420963024,41.73336277466628,South Chicago,Q1 (lowest),44.0,40694.0
way/183799435,17031030500,,,,,,basketball,pitch,Chicago,-87.66778291145916,41.98865306430327,Edgewater,Q4 (highest),13.8,123464.0
way/184873171,17031360200,,,,,,basketball,pitch,Chicago,-87.60963065,41.8278011,Oakland,Q1 (lowest),36.4,28456.0
way/186397465,17031252202,,,,,,basketball,pitch,Chicago,-87.74056300000001,41.876223849999995,Austin,Q1 (lowest),35.3,45839.0
way/186749635,17031380100,yes,2.0,,,,basketball,pitch,Chicago,-87.60782379360548,41.82304297540101,Grand Boulevard,Q3,27.3,79734.0
way/186758483,17031836000,,,,,,basketball,pitch,Chicago,-87.60973257336438,41.81435218897976,Grand Boulevard,Q3,25.2,79485.0
way/187913596,17031843900,,,,,,basketball,pitch,Chicago,-87.58836788287485,41.77908094648875,Jackson Park,Q1 (lowest),31.0,47760.0
way/193697625,17031833000,,2.0,,,,basketball,pitch,Chicago,-87.66441061665653,41.88378154998619,West Loop,Q4 (highest),11.1,169489.0
way/195824416,17031100200,yes,,,,,basketball,pitch,Chicago,-87.79746067496207,41.99852040884116,Norwood Park,Q4 (highest),17.9,113767.0
way/197493899,17031130200,,,,,,basketball,pitch,Chicago,-87.72916200758151,41.97370272437193,North Park,Q3,21.3,103611.0
way/201183699,17031061000,,2.0,concrete,,,basketball,pitch,Chicago,-87.65083468879587,41.94813883408627,Lake View,Q4 (highest),11.8,116500.0
way/201484903,17031120200,,,,,,basketball,pitch,Chicago,-87.76662123482033,42.00016772693341,"Sauganash,Forest Glen",Q4 (highest),15.6,155481.0
way/203451587,17031010201,,,,,,basketball,pitch,Chicago,-87.67752725879048,42.01546748293797,Rogers Park,Q1 (lowest),30.6,49639.0
way/205111092,17031830500,,,,,,basketball,pitch,Chicago,-87.73190193851462,41.83614166503901,Little Village,Q2,34.3,65795.0
way/207653907,17031160100,,,,,,basketball,pitch,Chicago,-87.74174285000001,41.96286535,Irving Park,Q4 (highest),21.1,111602.0
way/208147563,17031160800,,2.0,,,,basketball,pitch,Chicago,-87.71740683064286,41.946998963266466,Irving Park,Q3,28.8,83148.0
way/208166470,17031210100,,,,,,basketball,pitch,Chicago,-87.7032483,41.94574385000001,Avondale,Q4 (highest),17.5,115705.0
way/208222742,17031160200,private,2.0,,,,basketball,pitch,Chicago,-87.74365579279316,41.96007176646076,Irving Park,Q4 (highest),16.9,128288.0
way/208407565,17031150300,,,,,,basketball,pitch,Chicago,-87.75895209319722,41.96397207583419,Portage Park,Q3,19.3,88125.0
way/208544179,17031630900,,,,,,basketball,pitch,Chicago,-87.71295709282471,41.79214323866739,Gage Park,Q1 (lowest),30.9,49922.0
way/208544233,17031630900,,,,,,basketball,pitch,Chicago,-87.71294947981247,41.79190311296625,Gage Park,Q1 (lowest),30.9,49922.0
way/208808873,17031271300,,,,,,basketball,pitch,Chicago,-87.70878182745784,41.87607892558468,Garfield Park,Q1 (lowest),32.1,45046.0
way/208980696,17031750600,,,,,,basketball,pitch,Chicago,-87.65525706893017,41.68780112450391,Morgan Park,Q2,32.6,58494.0
way/208980743,17031750600,,,,,,basketball,pitch,Chicago,-87.65966132567397,41.691207010180875,Morgan Park,Q2,32.6,58494.0
way/208988335,17031750100,,,,,,basketball,pitch,Chicago,-87.65770852537588,41.69604080957728,Morgan Park,Q1 (lowest),25.6,53273.0
way/209289835,17031020301,yes,,,,,basketball,pitch,Chicago,-87.70547744999999,42.004484000000005,West Ridge,Q2,20.4,76327.0
way/209412994,17031020902,,,,,,basketball,pitch,Chicago,-87.67690332514417,41.994600695697805,West Ridge,Q1 (lowest),29.9,47963.0
way/209528925,17031020802,,,,,,basketball,pitch,Chicago,-87.69634930000001,41.9912402,West Ridge,Q2,30.2,70044.0
way/209689291,17031020500,,,asphalt,no,,basketball,pitch,Chicago,-87.68792438482018,42.003542110543,West Ridge,Q1 (lowest),33.8,46458.0
way/209689294,17031020500,,,,,,basketball,pitch,Chicago,-87.68797267543687,42.00140895893367,West Ridge,Q1 (lowest),33.8,46458.0
way/209689295,17031020500,,,,,,basketball,pitch,Chicago,-87.68819259595364,42.001503651411824,West Ridge,Q1 (lowest),33.8,46458.0
way/209689296,17031020500,,,,,,basketball,pitch,Chicago,-87.6882382,42.0035343,West Ridge,Q1 (lowest),33.8,46458.0
way/209691446,17031020301,yes,,,,,basketball,pitch,Chicago,-87.70518769999998,42.0073988,West Ridge,Q2,20.4,76327.0
way/209751398,17031830500,,,,,,basketball,pitch,Chicago,-87.7358270255631,41.83615215186975,Little Village,Q2,34.3,65795.0
way/209979912,17031750500,,,,,,basketball,pitch,Chicago,-87.67138865,41.68263715,Morgan Park,Q2,25.3,68615.0
way/212506585,17031460400,,,,,,basketball,pitch,Chicago,-87.56527777539954,41.74657930859165,South Chicago,Q2,28.8,70472.0
way/215326458,17031540102,yes,,,,,basketball,pitch,Chicago,-87.6119444,41.65762620000001,Riverdale,Q1 (lowest),41.9,24583.0
way/215331112,17031540101,,,,,,basketball,pitch,Chicago,-87.60670093120582,41.65501828627727,Riverdale,Q1 (lowest),43.2,16176.0
way/215499332,17031710500,,,,,,basketball,pitch,Chicago,-87.67507804999998,41.74698545,Auburn Gresham,Q1 (lowest),35.5,44973.0
way/218186050,17031510300,,,,,,basketball,pitch,Chicago,-87.5672372,41.7128281,South Deering,Q1 (lowest),38.3,30875.0
way/218369231,17031310600,,,,,,basketball,pitch,Chicago,-87.65850277452225,41.85720154600217,Lower West Side,Q2,23.9,75604.0
way/218399151,17031838800,,,,,,basketball,pitch,Chicago,-87.56518045000001,41.70563245,South Deering,Q1 (lowest),42.7,24432.0
way/218866633,17031842400,,,,,,basketball,pitch,Chicago,-87.63595884999998,41.74740335,Chatham,Q3,21.3,100870.0
way/218985830,17031330200,,,,,,basketball,pitch,Chicago,-87.629643,41.8548337,Near South Side,Q4 (highest),18.4,140556.0
way/219817213,17031520300,,,,,,basketball,pitch,Chicago,-87.54334504217462,41.69867297531682,East Side,Q1 (lowest),34.2,54175.0
way/222733730,17031031700,,,concrete,yes,,basketball,pitch,Chicago,-87.66048982523564,41.96276035494297,Uptown,Q3,13.8,82774.0
way/224615321,17031340600,,,,,,basketball,pitch,Chicago,-87.6322492,41.82520830000001,Armour Square,Q1 (lowest),43.9,20588.0
way/224729561,17031130300,,,,,,basketball,pitch,Chicago,-87.71110259233704,41.98916227888065,North Park,Q2,22.0,69857.0
way/224809104,17031834300,yes,,,,,basketball,pitch,Chicago,-87.59330687472294,41.74348734069962,Avalon Park,Q1 (lowest),27.5,52425.0
way/225327664,17031070600,,,,,,basketball,pitch,Chicago,-87.66663755,41.92791275,Lincoln Park,Q4 (highest),10.3,210469.0
way/225327665,17031070600,,,,,,basketball,pitch,Chicago,-87.66639195750687,41.92792032444939,Lincoln Park,Q4 (highest),10.3,210469.0
way/225656178,17031611400,,,,,,basketball,pitch,Chicago,-87.6700877932257,41.80229801189778,New City,Q1 (lowest),49.9,32056.0
way/225855219,17031210100,,,,,,basketball,pitch,Chicago,-87.70004895382263,41.941639462216536,Avondale,Q4 (highest),17.5,115705.0
way/226045438,17031570400,,,,,,basketball,pitch,Chicago,-87.72046715,41.80317585,Archer Heights,Q2,32.3,72263.0
way/226045461,17031570400,,,,,,basketball,pitch,Chicago,-87.72020697685241,41.80333433243759,Archer Heights,Q2,32.3,72263.0
way/226164184,17031842400,,,,,,basketball,pitch,Chicago,-87.63119774336353,41.74471362551407,Chatham,Q3,21.3,100870.0
way/226217584,17031400300,,2.0,,,,basketball,pitch,Chicago,-87.61549635670721,41.786322974747975,Washington Park,Q2,26.3,71288.0
way/226318743,17031710900,,,,,,basketball,pitch,Chicago,-87.63903637429323,41.74215181613045,Auburn Gresham,Q1 (lowest),31.3,48867.0
way/228652223,17031660900,,,,,,basketball,pitch,Chicago,-87.69846969999999,41.7649305,Chicago Lawn,Q1 (lowest),36.3,45572.0
way/229030579,17031540101,,,,,,basketball,pitch,Chicago,-87.61505816832634,41.654859785258,Riverdale,Q1 (lowest),43.2,16176.0
way/229030580,17031540102,private,,,,,basketball,pitch,Chicago,-87.61479414375123,41.657561978006555,Riverdale,Q1 (lowest),41.9,24583.0
way/229479858,17031530503,,,,,,basketball,pitch,Chicago,-87.63133273110668,41.66907889781044,West Pullman,Q1 (lowest),29.0,50405.0
way/230487472,17031500300,,,,,,basketball,pitch,Chicago,-87.60563979999999,41.68964455,Pullman,Q1 (lowest),26.9,51336.0
way/230792388,17031380600,,,,,,basketball,pitch,Chicago,-87.62672921612308,41.81723612469474,Grand Boulevard,Q1 (lowest),32.1,35804.0
way/230792391,17031380600,,,,,,basketball,pitch,Chicago,-87.62664665,41.81696545,Grand Boulevard,Q1 (lowest),32.1,35804.0
way/231422175,17031031400,,,asphalt,yes,,basketball,pitch,Chicago,-87.6495474,41.96271865000001,Uptown,Q3,13.4,87500.0
way/231504719,17031130100,,,,,,basketball,pitch,Chicago,-87.72034604832814,41.98725308551405,North Park,Q1 (lowest),26.8,41336.0
way/231520130,17031691000,yes,,,,,basketball,pitch,Chicago,-87.61560936514657,41.76468653214548,Grand Crossing,Q2,28.9,64361.0
way/231665829,17031600900,private,,,,,basketball,pitch,Chicago,-87.64710535868143,41.8366784746127,Bridgeport,Q2,28.9,62049.0
way/231665831,17031600900,private,,,,,basketball,pitch,Chicago,-87.64818037944147,41.83679850357005,Bridgeport,Q2,28.9,62049.0
way/231666182,17031840200,,,,,,basketball,pitch,Chicago,-87.6480268612736,41.84137640447907,Bridgeport,Q1 (lowest),36.5,51771.0
way/231894070,17031040300,,,,,,basketball,pitch,Chicago,-87.70052548319498,41.97006615583848,Lincoln Square,Q3,22.9,79896.0
way/231993011,17031160700,,,,,,basketball,pitch,Chicago,-87.69837155704043,41.9487939747784,Irving Park,Q3,23.4,89531.0
way/232078154,17031210100,,2.0,,,,basketball,pitch,Chicago,-87.69523574667929,41.94158788739511,Avondale,Q4 (highest),17.5,115705.0
way/232196548,17031520100,,,,,,basketball,pitch,Chicago,-87.53120980000001,41.71681365,East Side,Q2,39.2,58713.0
way/232956434,17031460200,,,,,,basketball,pitch,Chicago,-87.54958214999999,41.7432207,South Chicago,Q1 (lowest),39.0,29246.0
way/233049692,17031491100,,,,,,basketball,pitch,Chicago,-87.6396984564408,41.70403702453706,Roseland,Q2,28.8,77045.0
way/233681200,17031612000,,,,,,basketball,pitch,Chicago,-87.65049425000001,41.80101255,New City,Q2,29.9,57396.0
way/234243629,17031530300,,,,,,basketball,pitch,Chicago,-87.64730096313968,41.68180727436159,West Pullman,Q2,32.4,56924.0
way/234243636,17031530300,,,,,,basketball,pitch,Chicago,-87.64730522443139,41.68153769375918,West Pullman,Q2,32.4,56924.0
way/234244799,17031530300,,2.0,,,,basketball,pitch,Chicago,-87.65518058296564,41.68067855570098,West Pullman,Q2,32.4,56924.0
way/234342376,17031681300,,,,,,basketball,pitch,Chicago,-87.64085165782365,41.75694077476345,Englewood,Q1 (lowest),45.2,21888.0
way/234342378,17031681300,,4.0,,,,basketball,pitch,Chicago,-87.63570235000002,41.76244815,Englewood,Q1 (lowest),45.2,21888.0
way/234342381,17031691100,,,,,,basketball,pitch,Chicago,-87.62883342444529,41.76158593964577,Grand Crossing,Q1 (lowest),32.3,55170.0
way/234348471,17031711200,,,,,,basketball,pitch,Chicago,-87.66862497467706,41.74197149424254,Auburn Gresham,Q2,32.9,60433.0
way/235789204,17031530400,,2.0,,,,basketball,pitch,Chicago,-87.64951545,41.67284145,West Pullman,Q3,28.5,83836.0
way/236761416,17031252201,,,,,,basketball,pitch,Chicago,-87.75262237475035,41.877770146024694,Austin,Q1 (lowest),36.0,45458.0
way/238497459,17031251500,,,,,,basketball,pitch,Chicago,-87.76249440893207,41.88819137090297,Austin,Q1 (lowest),33.5,47491.0
way/238497462,17031251400,,,,,,basketball,pitch,Chicago,-87.76614447539248,41.88874810908059,Austin,Q1 (lowest),39.0,21049.0
way/238944941,17031730500,,,,,,basketball,pitch,Chicago,-87.63786525,41.71638405,Washington Heights,Q2,28.6,64566.0
way/239365807,17031730201,,2.0,,,,basketball,pitch,Chicago,-87.65477085515239,41.72829212462894,Washington Heights,Q2,28.3,61432.0
way/239365820,17031730201,,2.0,,,,basketball,pitch,Chicago,-87.65483042462343,41.72789449004844,Washington Heights,Q2,28.3,61432.0
way/239936207,17031491400,yes,,,,,basketball,pitch,Chicago,-87.61424294999999,41.6923703,Roseland,Q1 (lowest),32.7,38491.0
way/260349431,17031030706,,,,,,basketball,pitch,Chicago,-87.65004752483763,41.97776284601529,Edgewater,Q1 (lowest),18.3,50431.0
way/292377473,17031832600,,,asphalt,no,,basketball,pitch,Chicago,-87.6521114,41.913103,Lincoln Park,Q4 (highest),10.5,211324.0
way/293322194,17031100500,yes,,,,Basketball Courts,basketball,pitch,Chicago,-87.81481075000002,41.97905780000001,Norwood Park,Q4 (highest),17.2,117583.0
way/300675088,17031730700,,,,,,basketball,pitch,Chicago,-87.64325989999999,41.7041182,Washington Heights,Q2,28.3,67500.0
way/301970130,17031691200,,,,,,basketball,pitch,Chicago,-87.63247858135679,41.75699144229148,Grand Crossing,Q1 (lowest),35.3,34444.0
way/301985310,17031711100,,2.0,,,,basketball,pitch,Chicago,-87.66100095666663,41.7427623746483,Auburn Gresham,Q1 (lowest),27.8,49688.0
way/301985311,17031711100,,2.0,,,,basketball,pitch,Chicago,-87.66078834323262,41.74276542530401,Auburn Gresham,Q1 (lowest),27.8,49688.0
way/302012693,17031711500,,,,,,basketball,pitch,Chicago,-87.63897925583478,41.73487742438733,Auburn Gresham,Q1 (lowest),35.2,52885.0
way/302012694,17031711500,,,,,,basketball,pitch,Chicago,-87.6389671,41.73460215,Auburn Gresham,Q1 (lowest),35.2,52885.0
way/302012701,17031711000,,,,,,basketball,pitch,Chicago,-87.64578945000001,41.7382389,Auburn Gresham,Q1 (lowest),36.0,55197.0
way/313202466,17031834900,,,,,,basketball,pitch,Chicago,-87.65581495,41.7748742,Englewood,Q1 (lowest),40.1,20086.0
way/313202467,17031834900,,,,,,basketball,pitch,Chicago,-87.6558095,41.77518069999999,Englewood,Q1 (lowest),40.1,20086.0
way/316988545,17031071200,,4.0,paved,yes,,basketball,pitch,Chicago,-87.64728120000001,41.92158095,Lincoln Park,Q4 (highest),11.8,131163.0
way/327524880,17031842300,,,,,,basketball,pitch,Chicago,-87.66171100581846,41.89695053923678,River North,Q4 (highest),12.7,173082.0
way/327525077,17031301702,,2.0,,,,basketball,pitch,Chicago,-87.71830200640848,41.83723227456247,Little Village,Q2,43.0,69000.0
way/327525078,17031301702,,2.0,,,,basketball,pitch,Chicago,-87.71869515,41.83722495,Little Village,Q2,43.0,69000.0
way/327525079,17031301702,,2.0,,,,basketball,pitch,Chicago,-87.71851890640846,41.837225374562465,Little Village,Q2,43.0,69000.0
way/331692997,17031081800,,,,,,basketball,pitch,Chicago,-87.63956836526417,41.89779624379727,River North,Q4 (highest),9.8,157238.0
way/337812627,17031833100,private,,,,,basketball,pitch,Chicago,-87.65662169021078,41.87890269397246,West Loop,Q4 (highest),11.0,168125.0
way/346989317,17031843900,,,,,,basketball,pitch,Chicago,-87.58554593187962,41.775658625377545,Jackson Park,Q1 (lowest),31.0,47760.0
way/346989378,17031843900,,,,,,basketball,pitch,Chicago,-87.58543468330181,41.7748825264561,Jackson Park,Q1 (lowest),31.0,47760.0
way/347369085,17031351000,,,,,,basketball,pitch,Chicago,-87.60585872487664,41.832523333934176,Douglas,Q2,20.4,61347.0
way/347369899,17031834200,,,,,,basketball,pitch,Chicago,-87.57746645000002,41.757708099999995,South Shore,Q2,26.9,63523.0
way/347375851,17031200200,,,,,,basketball,pitch,Chicago,-87.738561802473,41.92918546996611,Hermosa,Q2,31.8,65599.0
way/349213805,17031843100,,,,,,basketball,pitch,Chicago,-87.70027673622442,41.86294143273685,North Lawndale,Q2,30.2,61648.0
way/349225401,17031040201,,,asphalt,yes,,basketball,pitch,Chicago,-87.69653996536542,41.96889555695455,Lincoln Square,Q3,14.9,103409.0
way/349239716,17031100300,,2.0,,,,basketball,pitch,Chicago,-87.79285467997494,41.98560455343505,Norwood Park,Q2,21.6,74250.0
way/349246274,17031400300,,2.0,,,,basketball,pitch,Chicago,-87.61563529473224,41.791640275355725,Washington Park,Q2,26.3,71288.0
way/349246452,17031400300,,2.0,,,,basketball,pitch,Chicago,-87.61564838124148,41.79227686419477,Washington Park,Q2,26.3,71288.0
way/349250239,17031390400,,,,,,basketball,pitch,Chicago,-87.60548831240808,41.80356669161305,Kenwood,Q1 (lowest),31.1,31833.0
way/349606469,17031161200,,,,,,basketball,pitch,Chicago,-87.73907699929231,41.94544805903773,Irving Park,Q2,25.5,76797.0
way/349610797,17031260900,,,,,,basketball,pitch,Chicago,-87.72330111757528,41.87108872910399,Garfield Park,Q1 (lowest),41.0,20841.0
way/349611564,17031590500,,,,,,basketball,pitch,Chicago,-87.68081195662928,41.82345593952649,Mckinley Park,Q2,23.1,72383.0
way/349869334,17031200401,,,,,,basketball,pitch,Chicago,-87.73985884494736,41.92182507237426,Hermosa,Q2,32.6,73384.0
way/349869495,17031230600,,,,,,basketball,pitch,Chicago,-87.73006356471673,41.90659976033297,Humboldt Park,Q2,40.6,57220.0
way/349885424,17031490700,yes,,,,,basketball,pitch,Chicago,-87.63137180000001,41.7140987,Roseland,Q1 (lowest),36.0,42083.0
way/350948074,17031171000,,,,,,basketball,pitch,Chicago,-87.80029095072426,41.94328914712132,Dunning,Q3,21.2,82790.0
way/350948607,17031230300,,,,,,basketball,pitch,Chicago,-87.71552510466115,41.91132979556936,Humboldt Park,Q2,30.5,67337.0
way/350948697,17031222900,,,,,,basketball,pitch,Chicago,-87.71837611459534,41.91422400475843,Logan Square,Q3,20.4,89630.0
way/351193125,17031051400,,,,,,basketball,pitch,Chicago,-87.68031569571754,41.93676714995508,North Center,Q4 (highest),12.8,150357.0
way/351197790,17031431400,,,,,,basketball,pitch,Chicago,-87.55446559895037,41.76016216642931,,Q1 (lowest),36.0,38438.0
way/351241002,17031837400,,,,,,basketball,pitch,Chicago,-87.69306571981643,41.87423042564846,Garfield Park,Q1 (lowest),30.0,45234.0
way/351241386,17031271200,,,,,,basketball,pitch,Chicago,-87.70322933127056,41.87567248880448,Garfield Park,Q1 (lowest),34.1,31048.0
way/351265374,17031270500,,,,,,basketball,pitch,Chicago,-87.718021469345,41.875316092062334,Garfield Park,Q1 (lowest),47.1,24375.0
way/351472741,17031530300,,,,,,basketball,pitch,Chicago,-87.6520511067579,41.67889792578991,West Pullman,Q2,32.4,56924.0
way/351705372,17031842200,,,,,,basketball,pitch,Chicago,-87.64489009244275,41.90569182071432,River North,Q3,13.0,95174.0
way/351706450,17031490500,yes,,,,,basketball,pitch,Chicago,-87.62316443195506,41.721046821107485,Roseland,Q3,23.3,78319.0
way/351706451,17031490500,,,,,,basketball,pitch,Chicago,-87.62233928944185,41.71846700356483,Roseland,Q3,23.3,78319.0
way/351708848,17031250400,,,,,,basketball,pitch,Chicago,-87.76964579308459,41.912282409508265,Galewood,Q1 (lowest),34.9,47281.0
way/351708856,17031250400,,,,,,basketball,pitch,Chicago,-87.76866995243824,41.91243475777809,Galewood,Q1 (lowest),34.9,47281.0
way/351709827,17031250800,,,,,,basketball,pitch,Chicago,-87.75415827481045,41.90561785485071,Austin,Q2,34.1,65884.0
way/352618831,17031310300,yes,,paved,,,basketball,pitch,Chicago,-87.64788692719694,41.856482091694346,Lower West Side,Q2,26.2,75605.0
way/352620819,17031839600,,,,,,basketball,pitch,Chicago,-87.62091058723665,41.825978392803535,Douglas,Q2,30.8,68880.0
way/352621181,17031839900,yes,,,,,basketball,pitch,Chicago,-87.6479203984748,41.82783280745209,Bridgeport,Q3,20.7,89712.0
way/352622150,17031600600,,,,,,basketball,pitch,Chicago,-87.6539079470234,41.83914062229413,Bridgeport,Q2,29.5,72210.0
way/352652570,17031491400,yes,,,,,basketball,pitch,Chicago,-87.61459015000003,41.69195535000001,Roseland,Q1 (lowest),32.7,38491.0
way/352655448,17031730100,,2.0,,,,basketball,pitch,Chicago,-87.63409775000001,41.72661165,Washington Heights,Q2,30.4,57200.0
way/352659596,17031470100,yes,,,,,basketball,pitch,Chicago,-87.59787936341351,41.72432508550185,Burnside,Q1 (lowest),34.8,46614.0
way/352854279,17031841800,,,,,,basketball,pitch,Chicago,-87.59899543166958,41.763945163367694,Grand Crossing,Q1 (lowest),33.4,50964.0
way/352855268,17031440202,,,,,,basketball,pitch,Chicago,-87.60810100703318,41.74003668532078,Chatham,Q1 (lowest),27.8,35079.0
way/352856817,17031561100,,,,,,basketball,pitch,Chicago,-87.78029208267706,41.78898843281356,Garfield Ridge,Q4 (highest),21.4,107857.0
way/352857106,17031561100,,,,,,basketball,pitch,Chicago,-87.76396774650503,41.785780298401576,Garfield Ridge,Q4 (highest),21.4,107857.0
way/352857487,17031640400,,,,,,basketball,pitch,Chicago,-87.7990006240463,41.78445948356143,Clearing,Q3,23.5,93488.0
way/354392227,17031242200,yes,,asphalt,,,basketball,pitch,Chicago,-87.67442147929992,41.89666439311371,East Village,Q4 (highest),10.8,168311.0
way/354395038,17031062800,,,,,,basketball,pitch,Chicago,-87.66147758313687,41.9337680255992,Lake View,Q4 (highest),9.0,166741.0
way/354396361,17031190702,,,,,,basketball,pitch,Chicago,-87.75829428179168,41.92812697667241,Belmont Cragin,Q2,36.5,65551.0
way/354396970,17031151100,,,,,,basketball,pitch,Chicago,-87.7635552277091,41.9437921787032,Portage Park,Q2,25.8,76864.0
way/354677233,17031120300,,,,,,basketball,pitch,Chicago,-87.7371907878899,41.98831000809769,"Sauganash,Forest Glen",Q4 (highest),17.0,137043.0
way/354682267,17031251200,,,,,,basketball,pitch,Chicago,-87.76217847952002,41.901823723807,Austin,Q2,32.6,64309.0
way/354693844,17031350400,,,,,,basketball,pitch,Chicago,-87.62919948719578,41.843125916977975,Douglas,Q1 (lowest),41.0,20938.0
way/354694420,17031350400,,,,,,basketball,pitch,Chicago,-87.6280565222844,41.84133313474414,Douglas,Q1 (lowest),41.0,20938.0
way/354913808,17031834600,,,,,,basketball,pitch,Chicago,-87.63503168693549,41.79055182084667,Englewood,Q1 (lowest),40.2,24836.0
way/354936295,17031290900,,,,,,basketball,pitch,Chicago,-87.73170814093343,41.86106023476736,North Lawndale,Q1 (lowest),38.1,46189.0
way/354938069,17031300600,,,,,,basketball,pitch,Chicago,-87.71647196839183,41.85026108610763,Little Village,Q1 (lowest),41.7,51092.0
way/354938479,17031310900,,,,,,basketball,pitch,Chicago,-87.67664679943242,41.85330617202606,Lower West Side,Q2,30.1,76758.0
way/354942744,17031560200,,2.0,,,,basketball,pitch,Chicago,-87.75282049307266,41.813197975224426,Garfield Ridge,Q2,32.6,73125.0
way/354954841,17031610300,,,,,,basketball,pitch,Chicago,-87.66676983571159,41.81259808676047,New City,Q1 (lowest),38.2,49901.0
way/355517713,17031381700,,,,,,basketball,pitch,Chicago,-87.62817762952378,41.8083996204965,Grand Boulevard,,,
way/355535635,17031570300,,,,,,basketball,pitch,Chicago,-87.7348053231531,41.803885162950266,Archer Heights,Q2,30.0,60139.0
way/355553229,17031420800,,,,,,basketball,pitch,Chicago,-87.60079753878908,41.77829805344252,Woodlawn,Q1 (lowest),28.7,56357.0
way/355556789,17031711100,,,,,,basketball,pitch,Chicago,-87.65960226017965,41.74209605215491,Auburn Gresham,Q1 (lowest),27.8,49688.0
way/355559671,17031440900,,2.0,,,,basketball,pitch,Chicago,-87.61076869999998,41.72957865,Chatham,Q1 (lowest),28.4,43359.0
way/355562287,17031410900,,,,,,basketball,pitch,Chicago,-87.58188025,41.798226549999995,,Q2,15.7,75562.0
way/355822918,17031231200,,,,,,basketball,pitch,Chicago,-87.72590135577144,41.90209779478118,Humboldt Park,Q1 (lowest),41.6,31629.0
way/355823135,17031231500,,,,,,basketball,pitch,Chicago,-87.72442052524264,41.89191950611792,Humboldt Park,Q1 (lowest),37.0,31755.0
way/356062231,17031611600,,,,,,basketball,pitch,Chicago,-87.67762807132532,41.79747443665429,New City,Q1 (lowest),36.3,52692.0
way/356064209,17031670300,,,,,,basketball,pitch,Chicago,-87.66828920592123,41.787383002881775,Englewood,Q1 (lowest),42.2,35038.0
way/356064389,17031680500,,,,,,basketball,pitch,Chicago,-87.65453041364202,41.7900183095452,Englewood,Q1 (lowest),39.1,42639.0
way/356065892,17031840300,,,,,,basketball,pitch,Chicago,-87.67851733563518,41.83128962403643,Mckinley Park,Q2,31.9,74722.0
way/356075536,17031510200,,,,,,basketball,pitch,Chicago,-87.5643202831515,41.71789718833708,South Deering,Q1 (lowest),34.2,48917.0
way/356091525,17031351000,,,,,,basketball,pitch,Chicago,-87.6126049178665,41.837531767600034,Douglas,Q2,20.4,61347.0
way/358262748,17031110200,,,,,,basketball,pitch,Chicago,-87.77263767160511,41.97914711670095,Jefferson Park,Q2,23.9,66429.0
way/359388923,17031050200,,,asphalt,,,basketball,pitch,Chicago,-87.6839899735994,41.95501716800863,North Center,Q4 (highest),13.3,124167.0
way/359658821,17031843500,,,,,,basketball,pitch,Chicago,-87.69845695153987,41.8425533413017,Little Village,Q1 (lowest),30.1,55833.0
way/359658823,17031843500,,,,,,basketball,pitch,Chicago,-87.69818637538674,41.84248990641271,Little Village,Q1 (lowest),30.1,55833.0
way/359658825,17031843500,,,,,,basketball,pitch,Chicago,-87.6995570186145,41.83920952436188,Little Village,Q1 (lowest),30.1,55833.0
way/359658827,17031843500,,,,,,basketball,pitch,Chicago,-87.69916879289967,41.839239420849786,Little Village,Q1 (lowest),30.1,55833.0
way/359658830,17031843500,,,,,,basketball,pitch,Chicago,-87.6976498719703,41.8393292133438,Little Village,Q1 (lowest),30.1,55833.0
way/359658852,17031843500,,,,,,basketball,pitch,Chicago,-87.69679881673379,41.83899631658367,Little Village,Q1 (lowest),30.1,55833.0
way/359841103,17031670500,,,,,,basketball,pitch,Chicago,-87.6752524038787,41.78330649303615,Englewood,Q1 (lowest),42.9,29856.0
way/359842280,17031834900,,,,,,basketball,pitch,Chicago,-87.65812061590375,41.77741827650207,Englewood,Q1 (lowest),40.1,20086.0
way/362983053,17031836800,,,,,,basketball,pitch,Chicago,-87.71338009954587,41.88787855714291,Garfield Park,Q1 (lowest),46.1,22642.0
way/382700537,17031380100,,,,,,basketball,pitch,Chicago,-87.60735059300865,41.82173665235913,Grand Boulevard,Q3,27.3,79734.0
way/383123803,17031220300,,,,,,basketball,pitch,Chicago,-87.69571095,41.9305411,Logan Square,Q3,13.5,94654.0
way/384021822,17031500100,,,,,,basketball,pitch,Chicago,-87.60368218627472,41.708932468571184,Pullman,Q2,26.7,67708.0
way/384036545,17031480100,yes,,,,,basketball,pitch,Chicago,-87.57543490518346,41.73676554479577,Calumet Heights,Q2,28.2,71719.0
way/384894452,17031130100,,,,,,basketball,pitch,Chicago,-87.72182283613864,41.98843908924571,North Park,Q1 (lowest),26.8,41336.0
way/384894453,17031130100,,,,,,basketball,pitch,Chicago,-87.72181834442594,41.988238658124125,North Park,Q1 (lowest),26.8,41336.0
way/384899168,17031200100,,,,,,basketball,pitch,Chicago,-87.73345208828113,41.93473846640632,Hermosa,Q2,29.1,72417.0
way/385179270,17031243300,,,,,,basketball,pitch,Chicago,-87.66446604321078,41.89134522544003,West Town,Q4 (highest),12.6,122917.0
way/386565824,17031062600,,,,,,basketball,pitch,Chicago,-87.67011587391197,41.93849047293207,Lake View,Q4 (highest),10.3,177045.0
way/387027098,17031292500,,,,,,basketball,pitch,Chicago,-87.73121069179264,41.85617933447303,North Lawndale,Q1 (lowest),32.2,54968.0
way/387177129,17031611900,,2.0,,,,basketball,pitch,Chicago,-87.65652812426343,41.79993493668716,New City,Q1 (lowest),41.8,39375.0
way/388506174,17031730400,,,,,,basketball,pitch,Chicago,-87.64957295413322,41.71995732420723,Washington Heights,Q3,29.1,88365.0
way/390110750,17031640700,,,,,,basketball,pitch,Chicago,-87.7518467783186,41.776562381027254,Clearing,Q3,25.9,78533.0
way/398407724,17031843800,,,,,,basketball,pitch,Chicago,-87.64142326485451,41.799021464131215,New City,Q2,32.4,57885.0
way/399731994,17031842900,,,,,,basketball,pitch,Chicago,-87.65802739141998,41.86569199482247,"Little Italy, Uic",Q1 (lowest),37.0,21521.0
way/400047966,17031230500,,,,,,basketball,pitch,Chicago,-87.73345309234385,41.912257735685486,Humboldt Park,Q1 (lowest),37.1,35727.0
way/400274485,17031580200,,,,,,basketball,pitch,Chicago,-87.69816534999998,41.82977995000001,Brighton Park,Q1 (lowest),40.3,36010.0
way/401484226,17031160300,,,,,,basketball,pitch,Chicago,-87.73388551968212,41.958084428476674,Irving Park,Q2,19.9,76083.0
way/401491857,17031837100,,,,,,basketball,pitch,Chicago,-87.69997800633844,41.883799324887185,Garfield Park,Q2,28.3,61351.0
way/404100391,17031834800,,,,,,basketball,pitch,Chicago,-87.64884592535749,41.78048620374876,Englewood,Q1 (lowest),37.2,21636.0
way/404273047,17031835100,,2.0,,,,basketball,pitch,Chicago,-87.68438769248232,41.792581995479075,Gage Park,Q1 (lowest),32.7,46414.0
way/405322274,17031381800,,,,,,basketball,pitch,Chicago,-87.61837418768043,41.8050210630465,Grand Boulevard,Q1 (lowest),22.2,49671.0
way/405503553,17031630600,,,,,,basketball,pitch,Chicago,-87.68156797254548,41.801748990747406,Gage Park,Q1 (lowest),37.7,48398.0
way/405503559,17031612200,,,,,,basketball,pitch,Chicago,-87.65785644231367,41.80426217087789,New City,Q1 (lowest),40.8,46227.0
way/405510097,17031834000,private,2.0,,,,basketball,pitch,Chicago,-87.63054547511453,41.72214016287097,Roseland,Q1 (lowest),35.8,41225.0
way/405515711,17031691300,,,,,,basketball,pitch,Chicago,-87.6173071365238,41.751966354006576,Grand Crossing,Q1 (lowest),30.5,55203.0
way/405708096,17031310500,,,,,,basketball,pitch,Chicago,-87.65438294249766,41.85502787525888,Lower West Side,Q1 (lowest),29.7,52344.0
way/406456711,17031670900,,,,,,basketball,pitch,Chicago,-87.65734458853234,41.78408537883787,Englewood,Q1 (lowest),34.0,30542.0
way/406621551,17031834700,,,,,,basketball,pitch,Chicago,-87.64098217905143,41.792363880058424,Englewood,Q1 (lowest),36.1,37000.0
way/406838183,17031251700,,,,,,basketball,pitch,Chicago,-87.74451622744358,41.89166067997883,Austin,Q2,32.8,57037.0
way/408444031,17031140602,,,,,,basketball,pitch,Chicago,-87.72123175180809,41.96578267816652,Albany Park,Q2,28.4,67321.0
way/410072107,17031838200,,,,,,basketball,pitch,Chicago,-87.67736296213359,41.867324408499634,"Little Italy, Uic",Q3,15.2,105667.0
way/411436536,17031842200,,,,,,basketball,pitch,Chicago,-87.644903,41.90614324999999,River North,Q3,13.0,95174.0
way/411487068,17031260300,,,,,,basketball,pitch,Chicago,-87.73173112728405,41.88157224728631,Garfield Park,,37.7,
way/411768078,17031842000,,,asphalt,,,basketball,pitch,Chicago,-87.62358715405585,41.83324877513646,Douglas,Q4 (highest),20.7,135341.0
way/414250306,17031062700,,,,,,basketball,pitch,Chicago,-87.66553178427976,41.93548117540766,Lake View,Q4 (highest),10.4,136667.0
way/541651197,17031090300,,,,,,basketball,pitch,Chicago,-87.81617532123168,41.99941904488519,Edison Park,Q4 (highest),16.2,117768.0
way/542478919,17031660700,,,,,,basketball,pitch,Chicago,-87.68189596551223,41.7772648816418,Chicago Lawn,Q1 (lowest),37.6,32864.0
way/554913420,17031390700,,,paved,,,basketball,pitch,Chicago,-87.5896647,41.80941835,,Q2,20.2,67610.0
way/664217975,17031841900,,2.0,,,,basketball,pitch,Chicago,-87.6466906,41.8732552,West Loop,Q4 (highest),15.1,136955.0
way/664217978,17031841900,,2.0,,,,basketball,pitch,Chicago,-87.6463361253399,41.87326260909216,West Loop,Q4 (highest),15.1,136955.0
way/664217979,17031841900,,2.0,,,,basketball,pitch,Chicago,-87.6465149,41.87325865,West Loop,Q4 (highest),15.1,136955.0
way/675752297,17031400500,,,,,,basketball,pitch,Chicago,-87.62205069354088,41.794046075506216,Washington Park,Q1 (lowest),35.3,24659.0
way/733792016,17031260900,,,,,,basketball,pitch,Chicago,-87.72068664779762,41.86926405499049,Garfield Park,Q1 (lowest),41.0,20841.0
way/750613354,17031838100,,,,,,basketball,pitch,Chicago,-87.67267277958406,41.87964762626184,United Center,,27.2,
way/780984234,17031830800,,,asphalt,,Le terrain de basket,basketball,pitch,Chicago,-87.6774706147216,41.96428958409774,Lincoln Square,Q3,12.3,85819.0
way/813006664,17031070200,,,,,,basketball,pitch,Chicago,-87.64559146879606,41.93001096151507,Lincoln Park,Q3,11.0,101992.0
way/1000072871,17031310600,,,,,,basketball,pitch,Chicago,-87.65806609217184,41.855070834948314,Lower West Side,Q2,23.9,75604.0
way/1000929598,17031060900,private,,,,,basketball,pitch,Chicago,-87.6487909803933,41.950164982620514,Lake View,Q3,12.0,86987.0
way/1000929599,17031060900,private,,,,,basketball,pitch,Chicago,-87.64886249381995,41.95028478745296,Lake View,Q3,12.0,86987.0
way/1000954339,17031838100,,,,,,basketball,pitch,Chicago,-87.67104483637017,41.88277177531622,United Center,,27.2,
way/1000954340,17031838100,,,,,,basketball,pitch,Chicago,-87.67103726328024,41.88258717135525,United Center,,27.2,
way/1001170333,17031530100,,,,,,basketball,pitch,Chicago,-87.62105015325041,41.681908704721685,West Pullman,Q1 (lowest),45.6,29747.0
way/1002427657,17031031700,,,,,,basketball,pitch,Chicago,-87.6647879944268,41.96261763367357,Uptown,Q3,13.8,82774.0
way/1006242226,17031310600,,,,,,basketball,pitch,Chicago,-87.66288431103506,41.858924556104675,Lower West Side,Q2,23.9,75604.0
way/1007423267,17031841900,private,2.0,,yes,,basketball,pitch,Chicago,-87.63856829314362,41.875893790225,West Loop,Q4 (highest),15.1,136955.0
way/1033376215,17031560300,,,,,,basketball,pitch,Chicago,-87.74803143285506,41.802735933894,Garfield Ridge,Q2,28.6,61979.0
way/1035475085,17031843200,,,,,,basketball,pitch,Chicago,-87.67464984036593,41.85074436776712,Lower West Side,Q2,26.6,70525.0
way/1035475086,17031843200,,,,,,basketball,pitch,Chicago,-87.67433197098995,41.85074779320209,Lower West Side,Q2,26.6,70525.0
way/1035930000,17031242400,,1.0,asphalt,,,basketball,pitch,Chicago,-87.68273798902976,41.89709559985079,Ukrainian Village,Q4 (highest),11.5,110129.0
way/1039144233,17031010701,yes,,asphalt,yes,,basketball,pitch,Chicago,-87.67992665894548,42.0091730781748,Rogers Park,Q2,20.7,74208.0
way/1039144234,17031010701,yes,,asphalt,yes,,basketball,pitch,Chicago,-87.67992305000001,42.0090651,Rogers Park,Q2,20.7,74208.0
way/1049160701,17031530501,,,,,,basketball,pitch,Chicago,-87.63497665,41.67585,West Pullman,Q1 (lowest),40.5,41000.0
way/1050143566,17031580501,,,,,,basketball,pitch,Chicago,-87.70121018081544,41.82249150497553,Brighton Park,Q1 (lowest),31.0,52757.0
way/1050332182,17031580600,,,,,,basketball,pitch,Chicago,-87.69370867473573,41.81804872540744,Brighton Park,Q2,32.8,67297.0
way/1052550385,17031560200,,,,,,basketball,pitch,Chicago,-87.74661108602008,41.80812040663,Garfield Ridge,Q2,32.6,73125.0
way/1055119020,17031671300,,,,,,basketball,pitch,Chicago,-87.67058820072033,41.777072377550574,Englewood,Q1 (lowest),41.8,29563.0
way/1055119021,17031671300,,,,,,basketball,pitch,Chicago,-87.67052837523565,41.77743730310995,Englewood,Q1 (lowest),41.8,29563.0
way/1060159206,17031830500,,,,,,basketball,pitch,Chicago,-87.7109060486919,41.83128491980759,Little Village,Q2,34.3,65795.0
way/1060879185,17031833000,,2.0,,,,basketball,pitch,Chicago,-87.66429885,41.883923149999994,West Loop,Q4 (highest),11.1,169489.0
way/1063677298,17031711300,yes,,,,,basketball,pitch,Chicago,-87.66475626040655,41.73543938144338,Auburn Gresham,Q2,32.7,76524.0
way/1067684372,17031540101,yes,,,,,basketball,pitch,Chicago,-87.6003449570379,41.65485572502723,Riverdale,Q1 (lowest),43.2,16176.0
way/1067684373,17031540101,yes,,,,,basketball,pitch,Chicago,-87.60008745703792,41.65503242502724,Riverdale,Q1 (lowest),43.2,16176.0
way/1084348033,17031841800,,,,,,basketball,pitch,Chicago,-87.59727098349256,41.76020754806986,Grand Crossing,Q1 (lowest),33.4,50964.0
way/1089563404,17031460302,,,,,,basketball,pitch,Chicago,-87.5523272545616,41.743977548503494,South Chicago,Q1 (lowest),31.3,44306.0
way/1095283026,17031460800,,,,,,basketball,pitch,Chicago,-87.5517469232312,41.7361116009008,South Chicago,Q1 (lowest),47.0,33048.0
way/1116642714,17031843000,,,,,,basketball,pitch,Chicago,-87.71727762613027,41.86787504619366,North Lawndale,Q1 (lowest),38.4,21726.0
way/1120646526,17031590500,,,,,,basketball,pitch,Chicago,-87.68383784017536,41.824177025461154,Mckinley Park,Q2,23.1,72383.0
way/1138573538,17031700401,,2.0,,,,basketball,pitch,Chicago,-87.7204153935818,41.747840470818986,Ashburn,Q3,27.4,94313.0
way/1138573539,17031700401,,2.0,,,,basketball,pitch,Chicago,-87.7201534935818,41.74779207081898,Ashburn,Q3,27.4,94313.0
way/1140689943,17031160700,,2.0,,,,basketball,pitch,Chicago,-87.69771393204506,41.94992336523267,Irving Park,Q3,23.4,89531.0
way/1140693915,17031839200,,2.0,,,,basketball,pitch,Chicago,-87.61884549147751,41.84041632542539,Douglas,Q1 (lowest),27.7,39133.0
way/1140693916,17031839200,,2.0,,,,basketball,pitch,Chicago,-87.6191023085225,41.840412074574616,Douglas,Q1 (lowest),27.7,39133.0
way/1140693917,17031839200,,2.0,,,,basketball,pitch,Chicago,-87.6193761914775,41.840408325425386,Douglas,Q1 (lowest),27.7,39133.0
way/1140693918,17031839200,,2.0,,,,basketball,pitch,Chicago,-87.6196251914775,41.84040532542537,Douglas,Q1 (lowest),27.7,39133.0
way/1141836757,17031400300,,2.0,,,,basketball,pitch,Chicago,-87.61562580526777,41.79134022464427,Washington Park,Q2,26.3,71288.0
way/1141836758,17031400300,,2.0,,,,basketball,pitch,Chicago,-87.61561019999999,41.79051775000001,Washington Park,Q2,26.3,71288.0
way/1141836761,17031400300,,2.0,,,,basketball,pitch,Chicago,-87.61550514999999,41.7866553,Washington Park,Q2,26.3,71288.0
way/1144160871,17031100300,,2.0,,,,basketball,pitch,Chicago,-87.79281519999999,41.985509500000006,Norwood Park,Q2,21.6,74250.0
way/1144168867,17031160602,,2.0,,,,basketball,pitch,Chicago,-87.696481,41.96089075,Irving Park,Q3,20.4,96324.0
way/1144531090,17031730201,,2.0,,,,basketball,pitch,Chicago,-87.65459854999999,41.7282943,Washington Heights,Q2,28.3,61432.0
way/1147429266,17031730100,,2.0,,,,basketball,pitch,Chicago,-87.634091725316,41.72639095967869,Washington Heights,Q2,30.4,57200.0
way/1148023130,17031440900,,2.0,,,,basketball,pitch,Chicago,-87.61052482461913,41.729555190157576,Chatham,Q1 (lowest),28.4,43359.0
way/1150608667,17031351400,,,,,,basketball,pitch,Chicago,-87.62387467052419,41.82812121855269,Douglas,Q1 (lowest),36.1,30542.0
way/1158725711,17031241400,,2.0,asphalt,,,basketball,pitch,Chicago,-87.67880007148841,41.90637941606608,Wicker Park,Q4 (highest),10.6,200429.0
way/1158725712,17031241400,,1.0,asphalt,,,basketball,pitch,Chicago,-87.67893962595537,41.906429398468525,Wicker Park,Q4 (highest),10.6,200429.0
way/1161293319,17031050200,,,,,,basketball,pitch,Chicago,-87.68022557474654,41.96116823860119,North Center,Q4 (highest),13.3,124167.0
way/1167791147,17031835500,,,,,,basketball,pitch,Chicago,-87.63562142647106,41.81852350094172,Fuller Park,Q1 (lowest),44.6,20669.0
way/1171458507,17031838300,,,,,,basketball,pitch,Chicago,-87.63890858542787,41.902618314056305,River North,Q3,14.3,104968.0
way/1177703812,17031833100,yes,2.0,,,,basketball,pitch,Chicago,-87.66029389914377,41.87991690779532,West Loop,Q4 (highest),11.0,168125.0
way/1185835473,17031283100,private,1.0,asphalt,,,basketball,pitch,Chicago,-87.6618572,41.8680554,"Little Italy, Uic",Q2,22.4,61806.0
way/1187968984,17031835500,,,,,,basketball,pitch,Chicago,-87.63537330000001,41.81203750000001,Fuller Park,Q1 (lowest),44.6,20669.0
way/1187968985,17031835500,,,,,,basketball,pitch,Chicago,-87.63537029999999,41.81186525,Fuller Park,Q1 (lowest),44.6,20669.0
way/1189107725,17031836700,,1.0,,,,basketball,pitch,Chicago,-87.70458404999998,41.88857375,Humboldt Park,Q1 (lowest),35.2,47439.0
way/1191221883,17031120100,,,,,,basketball,pitch,Chicago,-87.77459175,42.00549965,"Sauganash,Forest Glen",Q4 (highest),14.5,157543.0
way/1204807769,17031838300,,,,,,basketball,pitch,Chicago,-87.63853395642107,41.90235970763821,River North,Q3,14.3,104968.0
way/1204807770,17031838300,,,,,,basketball,pitch,Chicago,-87.6383203064549,41.902362407674445,River North,Q3,14.3,104968.0
way/1204807771,17031838300,,,,,,basketball,pitch,Chicago,-87.63810665642109,41.90236540763822,River North,Q3,14.3,104968.0
way/1204807772,17031838300,,,,,,basketball,pitch,Chicago,-87.63777868667064,41.902356870887544,River North,Q3,14.3,104968.0
way/1219060867,17031530400,,2.0,,,,basketball,pitch,Chicago,-87.64931335,41.672846199999995,West Pullman,Q3,28.5,83836.0
way/1239183955,17031843100,,,,,,basketball,pitch,Chicago,-87.69999924999999,41.86304354999999,North Lawndale,Q2,30.2,61648.0
way/1240529117,17031834200,,,,,,basketball,pitch,Chicago,-87.57747382480183,41.7579839894546,South Shore,Q2,26.9,63523.0
way/1240538721,17031440300,,,,,,basketball,pitch,Chicago,-87.6154468753351,41.739667053917216,Chatham,Q1 (lowest),24.7,55476.0
way/1240538722,17031440300,,,,,,basketball,pitch,Chicago,-87.61510827539438,41.73983080326104,Chatham,Q1 (lowest),24.7,55476.0
way/1276697096,17031071000,,,,,,basketball,pitch,Chicago,-87.65747349999998,41.9224924,Sheffield & Depaul,Q4 (highest),11.0,186518.0
way/1281179488,17031611900,yes,2.0,asphalt,,,basketball,pitch,Chicago,-87.65648617427786,41.798394089364805,New City,Q1 (lowest),41.8,39375.0
way/1281179489,17031611900,yes,2.0,asphalt,,,basketball,pitch,Chicago,-87.65622172428269,41.7983965393599,New City,Q1 (lowest),41.8,39375.0
way/1281192088,17031660900,yes,2.0,,,,basketball,pitch,Chicago,-87.70190336721481,41.770767216010434,Chicago Lawn,Q1 (lowest),36.3,45572.0
way/1281192089,17031660900,yes,2.0,,,,basketball,pitch,Chicago,-87.70163637539513,41.77077330933486,Chicago Lawn,Q1 (lowest),36.3,45572.0
way/1285252665,17031431400,yes,2.0,asphalt,yes,,basketball,pitch,Chicago,-87.551703,41.75739275,,Q1 (lowest),36.0,38438.0
way/1285252666,17031431400,yes,2.0,asphalt,yes,,basketball,pitch,Chicago,-87.55150545000002,41.757509500000005,,Q1 (lowest),36.0,38438.0
way/1285252667,17031431400,yes,2.0,asphalt,yes,,basketball,pitch,Chicago,-87.55131015,41.75762604999999,,Q1 (lowest),36.0,38438.0
way/1285774843,17031283100,private,1.0,asphalt,,,basketball,pitch,Chicago,-87.66185243874338,41.86789237513844,"Little Italy, Uic",Q2,22.4,61806.0
way/1296741185,17031030706,,,,,,basketball,pitch,Chicago,-87.64992319578681,41.97760895543112,Edgewater,Q1 (lowest),18.3,50431.0
way/1301540697,17031252101,yes,,asphalt,no,,basketball,pitch,Chicago,-87.7655665,41.877333449999995,Austin,Q1 (lowest),28.6,50139.0
way/1301540698,17031252101,yes,,asphalt,no,,basketball,pitch,Chicago,-87.76539630000002,41.87733395000001,Austin,Q1 (lowest),28.6,50139.0
way/1301540699,17031252101,yes,,asphalt,no,,basketball,pitch,Chicago,-87.76522452463826,41.87733393795392,Austin,Q1 (lowest),28.6,50139.0
way/1309507296,17031831400,,1.0,,,,basketball,pitch,Chicago,-87.75372299999998,41.87241254999999,Austin,Q1 (lowest),38.9,33516.0
way/1309507297,17031831400,,1.0,,,,basketball,pitch,Chicago,-87.75371949999999,41.87225954999999,Austin,Q1 (lowest),38.9,33516.0
way/1313371469,17031060800,private,1.0,,,,basketball,pitch,Chicago,-87.64822563913424,41.95380677560569,Lake View,Q3,13.5,83534.0
way/1313371487,17031080300,private,2.0,,,,basketball,pitch,Chicago,-87.63639482290014,41.907814118736255,Old Town,Q4 (highest),10.2,157882.0
way/1323733004,17031020701,,2.0,,,,basketball,pitch,Chicago,-87.70794850048208,41.98910814646153,West Ridge,Q3,18.7,101250.0
way/1323733005,17031020701,,2.0,,,,basketball,pitch,Chicago,-87.70821437864873,41.98907055458185,West Ridge,Q3,18.7,101250.0
way/1326460539,17031240900,,2.0,,,,basketball,pitch,Chicago,-87.70514230000002,41.90015875000001,Humboldt Park,Q3,17.4,98145.0
way/1326460540,17031240900,,2.0,,,,basketball,pitch,Chicago,-87.70487849999999,41.900161350000005,Humboldt Park,Q3,17.4,98145.0
way/1328914320,17031130100,,2.0,,,,basketball,pitch,Chicago,-87.71553817335688,41.9941097248789,North Park,Q1 (lowest),26.8,41336.0
way/1342223067,17031680600,,2.0,,,Starting With Me Basketball,basketball,pitch,Chicago,-87.65255840000002,41.784304199999994,Englewood,Q1 (lowest),30.4,52237.0
way/1344469905,17031030706,,2.0,,,,basketball,pitch,Chicago,-87.6506469721379,41.97860347778688,Edgewater,Q1 (lowest),18.3,50431.0
way/1357550446,17031831800,,1.0,,,,basketball,pitch,Chicago,-87.71761414999999,41.9752713,North Park,Q3,22.9,84357.0
way/1357550447,17031831800,,2.0,,,,basketball,pitch,Chicago,-87.71776927511905,41.97531696064522,North Park,Q3,22.9,84357.0
way/1366537446,17031120100,private,,,,,basketball,pitch,Chicago,-87.77980889603369,42.00417703306395,"Sauganash,Forest Glen",Q4 (highest),14.5,157543.0
way/1378455617,17031420100,,2.0,,,,basketball,pitch,Chicago,-87.57648556318148,41.7818746080438,Jackson Park,Q1 (lowest),34.9,22215.0
way/1378455618,17031420100,,2.0,,,,basketball,pitch,Chicago,-87.57630346562266,41.7819607424217,Jackson Park,Q1 (lowest),34.9,22215.0
way/1391493582,17031062900,permissive,,,,,basketball,pitch,Chicago,-87.65547459164671,41.9341546215329,Lake View,Q4 (highest),9.3,181429.0
way/1411062400,17031310900,yes,2.0,asphalt,,,basketball,pitch,Chicago,-87.67188275,41.857429999999994,Lower West Side,Q2,30.1,76758.0
way/1411062401,17031310900,yes,2.0,asphalt,,,basketball,pitch,Chicago,-87.67161509999998,41.85743239999999,Lower West Side,Q2,30.1,76758.0
way/1422758552,17031380100,yes,2.0,,,,basketball,pitch,Chicago,-87.60762544999999,41.8230461,Grand Boulevard,Q3,27.3,79734.0
way/1422958853,17031050800,,1.0,asphalt,,,basketball,pitch,Chicago,-87.68193715000001,41.945537,North Center,Q4 (highest),12.4,157813.0
way/1425936470,17031220901,,2.0,,,,basketball,pitch,Chicago,-87.72401278203397,41.91793456069539,Logan Square,Q3,26.8,83681.0
way/1425936471,17031220901,,2.0,,,,basketball,pitch,Chicago,-87.72388451796603,41.9176963393046,Logan Square,Q3,26.8,83681.0
way/1426712241,17031834000,,2.0,,,,basketball,pitch,Chicago,-87.63141279056987,41.72564093351245,Roseland,Q1 (lowest),35.8,41225.0
way/1426712242,17031834000,,2.0,,,,basketball,pitch,Chicago,-87.6316047119738,41.725577018862225,Roseland,Q1 (lowest),35.8,41225.0
way/1426862547,17031843500,,2.0,,,,basketball,pitch,Chicago,-87.7022279122888,41.841589122342405,Little Village,Q1 (lowest),30.1,55833.0
way/1426862548,17031843500,,2.0,,,,basketball,pitch,Chicago,-87.70223585561219,41.84185004765081,Little Village,Q1 (lowest),30.1,55833.0
way/1430930707,17031020901,,2.0,asphalt,,,basketball,pitch,Chicago,-87.68452431887863,41.994861024423614,West Ridge,Q1 (lowest),30.4,52378.0
way/1435191080,17031670800,,2.0,,,,basketball,pitch,Chicago,-87.66330375,41.7797741,Englewood,Q1 (lowest),39.3,43145.0
way/1444038318,17031400300,,2.0,,,,basketball,pitch,Chicago,-87.6156178,41.79084125000001,Washington Park,Q2,26.3,71288.0
way/1459203311,17031330103,,,,,,basketball,pitch,Chicago,-87.62666598940476,41.85812418112776,Near South Side,Q4 (highest),13.7,122957.0
way/1459203312,17031330103,,,,,,basketball,pitch,Chicago,-87.626889960875,41.85805805112636,Near South Side,Q4 (highest),13.7,122957.0
way/1489993299,17031842400,,,,,,basketball,pitch,Chicago,-87.63571507474208,41.747404289626346,Chatham,Q3,21.3,100870.0
way/1496317688,17031837100,,,,,,basketball,pitch,Chicago,-87.70409923227706,41.88479441051387,Garfield Park,Q2,28.3,61351.0
way/1497747714,17031260300,,,,,,basketball,pitch,Chicago,-87.73491047258887,41.88538934773831,Garfield Park,,37.7,
way/1498824116,17031100100,,2.0,concrete,,,basketball,pitch,Chicago,-87.78577032486034,41.989050054107835,Norwood Park,Q4 (highest),17.8,109242.0
way/1518778390,17031140302,,2.0,concrete,,Eugene Field Basketball,basketball,pitch,Chicago,-87.72366105,41.9747977,Albany Park,Q2,26.1,75806.0
way/1523110830,17031060200,private,,,,,basketball,pitch,Chicago,-87.6713797883547,41.95638920553069,Lake View,Q3,11.3,91081.0
way/1547640604,17031283800,,,,,,basketball,pitch,Chicago,-87.65308850856336,41.86431435281516,"Little Italy, Uic",Q3,23.4,86103.0
way/1548922637,17031120200,,1.0,,,,basketball,pitch,Chicago,-87.76172684700873,41.99976052707368,"Sauganash,Forest Glen",Q4 (highest),15.6,155481.0
way/1548922638,17031120200,,1.0,,,,basketball,pitch,Chicago,-87.761854,41.9998197,"Sauganash,Forest Glen",Q4 (highest),15.6,155481.0
node/11418088724,17031700502,,1.0,,,,basketball,pitch,Chicago,-87.6828939,41.7360817,Ashburn,Q3,24.9,97624.0
node/13948622570,17031120100,,,,,,basketball,pitch,Chicago,-87.7778602,42.007602,"Sauganash,Forest Glen",Q4 (highest),14.5,157543.0
node/13948622571,17031120100,,,,,,basketball,pitch,Chicago,-87.7776939,42.0076767,"Sauganash,Forest Glen",Q4 (highest),14.5,157543.0
node/13951248267,17031120100,,,,,,basketball,pitch,Chicago,-87.7795174,42.0066536,"Sauganash,Forest Glen",Q4 (highest),14.5,157543.0
